,R16 %,QF %,SF %,Final %,Champion %
Argentina,66.05,44.08,33.1,22.83,15.81
Spain,70.15,47.78,32.74,20.85,14.06
Brazil,74.45,52.49,29.05,16.41,9.9
France,51.91,31.58,21.79,14.04,8.44
England,56.46,29.58,18.28,10.72,5.66
Portugal,55.9,30.83,18.98,10.45,5.3
Germany,56.49,29.81,17.11,9.07,4.78
Netherlands,57.36,29.39,16.93,8.76,4.36
Colombia,48.59,25.09,15.56,8.75,4.03
Japan,49.85,27.14,15.59,8.3,3.52
Belgium,43.78,23.94,12.82,6.27,2.86
Morocco,56.1,35.2,14.92,6.36,2.67
Croatia,45.83,22.18,11.5,6.03,2.27
Ecuador,42.19,20.85,10.23,4.66,1.79
Mexico,52.56,27.0,10.62,4.06,1.62
Uruguay,46.07,22.39,10.4,4.68,1.57
Iran,42.8,19.76,8.94,3.75,1.41
Switzerland,50.4,23.93,8.49,3.13,1.17
Algeria,38.32,18.0,8.48,3.53,1.04
Turkey,36.38,19.75,7.25,2.68,0.91
Senegal,33.38,14.59,6.73,2.65,0.79
Norway,29.07,13.2,6.04,2.36,0.78
Austria,32.84,15.42,7.0,2.82,0.77
South Korea,43.2,18.1,5.98,2.29,0.66
Canada,50.99,20.4,5.92,1.94,0.66
Australia,29.76,14.44,4.86,1.72,0.5
Egypt,24.04,9.69,4.25,1.51,0.43
Uzbekistan,24.56,10.34,3.96,1.25,0.35
Ivory Coast,28.62,12.62,4.94,1.45,0.32
United States,23.76,11.15,3.25,1.02,0.29
Paraguay,21.34,8.89,2.78,0.95,0.26
Czech Republic,31.43,11.61,3.79,0.91,0.24
Tunisia,17.5,7.08,2.68,0.73,0.18
Scotland,20.59,7.63,2.38,0.61,0.15
Sweden,13.87,5.31,2.17,0.54,0.11
Panama,16.71,5.94,2.05,0.45,0.09
DR Congo,12.22,3.71,1.2,0.22,0.05
Iraq,11.95,3.91,1.33,0.3,0.05
New Zealand,12.11,3.85,1.09,0.21,0.03
Jordan,7.74,2.3,0.52,0.08,0.03
Haiti,8.91,2.85,0.73,0.13,0.02
South Africa,10.25,2.68,0.52,0.11,0.02
Cape Verde,12.08,3.39,0.93,0.13,0.02
Bosnia and Herzegovina,15.61,4.37,0.95,0.13,0.02
Ghana,5.29,1.17,0.21,0.03,0.01
Qatar,7.3,1.67,0.29,0.06,0.0
Curaçao,4.3,0.73,0.14,0.01,0.0
Saudi Arabia,8.94,2.19,0.53,0.06,0.0
