,r16,qf,sf,final,champion
Argentina,6605,4408,3310,2283,1581
Spain,7015,4778,3274,2085,1406
Brazil,7445,5249,2905,1641,990
France,5191,3158,2179,1404,844
England,5646,2958,1828,1072,566
Portugal,5590,3083,1898,1045,530
Germany,5649,2981,1711,907,478
Netherlands,5736,2939,1693,876,436
Colombia,4859,2509,1556,875,403
Japan,4985,2714,1559,830,352
Belgium,4378,2394,1282,627,286
Morocco,5610,3520,1492,636,267
Croatia,4583,2218,1150,603,227
Ecuador,4219,2085,1023,466,179
Mexico,5256,2700,1062,406,162
Uruguay,4607,2239,1040,468,157
Iran,4280,1976,894,375,141
Switzerland,5040,2393,849,313,117
Algeria,3832,1800,848,353,104
Turkey,3638,1975,725,268,91
Senegal,3338,1459,673,265,79
Norway,2907,1320,604,236,78
Austria,3284,1542,700,282,77
South Korea,4320,1810,598,229,66
Canada,5099,2040,592,194,66
Australia,2976,1444,486,172,50
Egypt,2404,969,425,151,43
Uzbekistan,2456,1034,396,125,35
Ivory Coast,2862,1262,494,145,32
United States,2376,1115,325,102,29
Paraguay,2134,889,278,95,26
Czech Republic,3143,1161,379,91,24
Tunisia,1750,708,268,73,18
Scotland,2059,763,238,61,15
Sweden,1387,531,217,54,11
Panama,1671,594,205,45,9
DR Congo,1222,371,120,22,5
Iraq,1195,391,133,30,5
New Zealand,1211,385,109,21,3
Jordan,774,230,52,8,3
Haiti,891,285,73,13,2
South Africa,1025,268,52,11,2
Cape Verde,1208,339,93,13,2
Bosnia and Herzegovina,1561,437,95,13,2
Ghana,529,117,21,3,1
Qatar,730,167,29,6,0
Curaçao,430,73,14,1,0
Saudi Arabia,894,219,53,6,0
